DATA;SEMESTRE;DIA_SEMANA;DISTANCIA_DIA_ANTERIOR;DISTANCIA_DIA_POSTERIOR;PERC_CONCLUSAO_SEM;PERC_CONCLUSAO_MES;VENDAS_ALMOCO;VENDAS_ALMOCO_1;VENDAS_ALMOCO_2;VENDAS_ALMOCO_3;VENDAS_ALMOCO_4;VENDAS_ALMOCO_5;ENTR_ALMOCO;ENTR_ALMOCO_1;ENTR_ALMOCO_2;ENTR_ALMOCO_3;ENTR_ALMOCO_4;ENTR_ALMOCO_5;ENTR_JANTAR;ENTR_JANTAR_1;ENTR_JANTAR_2;ENTR_JANTAR_3;ENTR_JANTAR_4;ENTR_JANTAR_5;PRESSAO_ATMOSFERICA;TEMPERATURA;UMIDADE;VENTO
12/04/2017;1;3;1;1;35,97;40,00;14;14;14;14;14;14;14;14;14;14;14;14;0;0;0;0;0;0;950.7;22;84;0.9
13/04/2017;1;4;1;4;36,69;43,33;22;14;14;14;14;14;22;14;14;14;14;14;0;0;0;0;0;0;953.3;21;75;2.2
17/04/2017;1;1;4;1;39,57;56,67;10;22;14;14;14;14;10;22;14;14;14;14;0;0;0;0;0;0;950.4;22.3;79;0.3
18/04/2017;1;2;1;1;40,29;60,00;27;10;22;14;14;14;26;10;22;14;14;14;0;0;0;0;0;0;953.9;19.3;77;1.2
19/04/2017;1;3;1;1;41,01;63,33;18;27;10;22;14;14;17;26;10;22;14;14;0;0;0;0;0;0;954.5;18.4;75;2.1
20/04/2017;1;4;1;4;41,73;66,67;14;18;27;10;22;14;14;17;26;10;22;14;0;0;0;0;0;0;951.7;20.5;73;4.9
24/04/2017;1;1;4;1;44,60;80,00;10;14;18;27;10;22;10;14;17;26;10;22;0;0;0;0;0;0;954.3;19.9;71;3.3
25/04/2017;1;2;1;1;45,32;83,33;26;10;14;18;27;10;26;10;14;17;26;10;0;0;0;0;0;0;950.5;20.1;80;3.4
26/04/2017;1;3;1;1;46,04;86,67;17;26;10;14;18;27;17;26;10;14;17;26;0;0;0;0;0;0;946.4;24.1;70;2
27/04/2017;1;4;1;5;46,76;90,00;15;17;26;10;14;18;15;17;26;10;14;17;0;0;0;0;0;0;950.9;20.1;87;3.6
02/05/2017;1;2;5;1;50,36;6,45;15;15;17;26;10;14;15;15;17;26;10;14;0;0;0;0;0;0;954.8;18.4;79;1.7
03/05/2017;1;3;1;1;51,08;9,68;9;15;15;17;26;10;9;15;15;17;26;10;0;0;0;0;0;0;956;17.5;83;1
04/05/2017;1;4;1;1;51,80;12,90;41;9;15;15;17;26;41;9;15;15;17;26;0;0;0;0;0;0;953.4;19;81;1.8
05/05/2017;1;5;1;3;52,52;16,13;84;41;9;15;15;17;84;41;9;15;15;17;134;0;0;0;0;0;953.2;18.1;94;0.8
08/05/2017;1;1;3;1;54,68;25,81;14;84;41;9;15;15;14;84;41;9;15;15;0;134;0;0;0;0;950.6;17.7;84;0.7
09/05/2017;1;2;1;1;55,40;29,03;23;14;84;41;9;15;23;14;84;41;9;15;0;0;134;0;0;0;949.8;20;79;2.8
10/05/2017;1;3;1;1;56,12;32,26;162;23;14;84;41;9;162;23;14;84;41;9;0;0;0;134;0;0;953.5;19;79;1.2
11/05/2017;1;4;1;1;56,83;35,48;28;162;23;14;84;41;28;162;23;14;84;41;0;0;0;0;134;0;953.8;19.9;74;1.2
12/05/2017;1;5;1;3;57,55;38,71;28;28;162;23;14;84;27;28;162;23;14;84;0;0;0;0;0;134;954.4;18.8;68;3.2
15/05/2017;1;1;3;1;59,71;48,39;171;28;28;162;23;14;23;27;28;162;23;14;0;0;0;0;0;0;949.9;18.8;75;1.8
16/05/2017;1;2;1;1;60,43;51,61;467;171;28;28;162;23;21;23;27;28;162;23;0;0;0;0;0;0;952.1;17.2;79;1.3
17/05/2017;1;3;1;1;61,15;54,84;368;467;171;28;28;162;351;21;23;27;28;162;0;0;0;0;0;0;953.2;17.8;76;3.7
18/05/2017;1;4;1;1;61,87;58,06;47;368;467;171;28;28;35;351;21;23;27;28;0;0;0;0;0;0;952.7;18.7;78;4
19/05/2017;1;5;1;3;62,59;61,29;402;47;368;467;171;28;162;35;351;21;23;27;88;0;0;0;0;0;947.1;16.4;93;3.6
22/05/2017;1;1;3;1;64,75;70,97;798;402;47;368;467;171;363;162;35;351;21;23;0;88;0;0;0;0;951.2;20.3;89;1.8
23/05/2017;1;2;1;1;65,47;74,19;14;798;402;47;368;467;20;363;162;35;351;21;0;0;88;0;0;0;955;17.9;77;1.7
24/05/2017;1;3;1;1;66,19;77,42;29;14;798;402;47;368;42;20;363;162;35;351;39;0;0;88;0;0;955;17.4;87;1
25/05/2017;1;4;1;1;66,91;80,65;17;29;14;798;402;47;117;42;20;363;162;35;71;39;0;0;88;0;954.8;19.4;83;3.5
26/05/2017;1;5;1;3;67,63;83,87;92;17;29;14;798;402;141;117;42;20;363;162;45;71;39;0;0;88;953.5;18.7;90;2.4
29/05/2017;1;1;3;1;69,78;93,55;40;92;17;29;14;798;16;141;117;42;20;363;0;45;71;39;0;0;954.7;18.9;85;0.6
30/05/2017;1;2;1;1;70,50;96,77;19;40;92;17;29;14;27;16;141;117;42;20;0;0;45;71;39;0;954.2;18.5;84;0.5
31/05/2017;1;3;1;1;71,22;100,00;22;19;40;92;17;29;17;27;16;141;117;42;0;0;0;45;71;39;951.6;19.7;77;5.4
01/06/2017;1;4;1;1;71,94;3,33;17;22;19;40;92;17;12;17;27;16;141;117;0;0;0;0;45;71;949.2;18.7;77;0.9
02/06/2017;1;5;1;3;72,66;6,67;15;17;22;19;40;92;17;12;17;27;16;141;0;0;0;0;0;45;953.1;17.4;68;5.5
05/06/2017;1;1;3;1;74,82;16,67;618;15;17;22;19;40;431;17;12;17;27;16;188;0;0;0;0;0;951.6;19.5;84;1.6
06/06/2017;1;2;1;1;75,54;20,00;570;618;15;17;22;19;442;431;17;12;17;27;222;188;0;0;0;0;951.7;18.8;93;1.3
07/06/2017;1;3;1;1;76,26;23,33;642;570;618;15;17;22;393;442;431;17;12;17;233;222;188;0;0;0;951.6;19.4;92;1.2
08/06/2017;1;4;1;1;76,98;26,67;662;642;570;618;15;17;408;393;442;431;17;12;171;233;222;188;0;0;949.1;20.2;83;0.7
09/06/2017;1;5;1;3;77,70;30,00;400;662;642;570;618;15;286;408;393;442;431;17;129;171;233;222;188;0;949.1;19.7;87;1
12/06/2017;1;1;3;1;79,86;40,00;947;400;662;642;570;618;403;286;408;393;442;431;208;129;171;233;222;188;952.9;16.5;84;1.4
13/06/2017;1;2;1;1;80,58;43,33;600;947;400;662;642;570;449;403;286;408;393;442;196;208;129;171;233;222;954.7;15.5;94;3.9
14/06/2017;1;3;1;5;81,29;46,67;405;600;947;400;662;642;376;449;403;286;408;393;165;196;208;129;171;233;956.1;18.3;87;1.3
19/06/2017;1;1;5;1;84,89;63,33;1046;405;600;947;400;662;433;376;449;403;286;408;204;165;196;208;129;171;952.6;17.3;76;1.6
20/06/2017;1;2;1;1;85,61;66,67;616;1046;405;600;947;400;453;433;376;449;403;286;188;204;165;196;208;129;956.1;17.1;87;1.1
21/06/2017;1;3;1;1;86,33;70,00;527;616;1046;405;600;947;428;453;433;376;449;403;212;188;204;165;196;208;959.4;19.1;72;0.9
22/06/2017;1;4;1;1;87,05;73,33;351;527;616;1046;405;600;352;428;453;433;376;449;196;212;188;204;165;196;958.9;17.9;80;0.8
23/06/2017;1;5;1;3;87,77;76,67;314;351;527;616;1046;405;321;352;428;453;433;376;106;196;212;188;204;165;959.3;18;77;1.1
26/06/2017;1;1;3;1;89,93;86,67;691;314;351;527;616;1046;382;321;352;428;453;433;151;106;196;212;188;204;959.2;14.7;82;0.9
27/06/2017;1;2;1;1;90,65;90,00;471;691;314;351;527;616;401;382;321;352;428;453;190;151;106;196;212;188;957.7;15;88;0.5
28/06/2017;1;3;1;1;91,37;93,33;375;471;691;314;351;527;353;401;382;321;352;428;199;190;151;106;196;212;958.1;16.1;80;0.6
29/06/2017;1;4;1;1;92,09;96,67;273;375;471;691;314;351;308;353;401;382;321;352;139;199;190;151;106;196;956.9;17;83;0.9
30/06/2017;1;5;1;3;92,81;100,00;159;273;375;471;691;314;211;308;353;401;382;321;56;139;199;190;151;106;956;16;77;1.6
03/07/2017;1;1;3;1;94,96;9,68;143;159;273;375;471;691;134;211;308;353;401;382;45;56;139;199;190;151;964;14.6;74;0.6
04/07/2017;1;2;1;1;95,68;12,90;161;143;159;273;375;471;138;134;211;308;353;401;57;45;56;139;199;190;964;14.2;72;6.2
05/07/2017;1;3;1;1;96,40;16,13;134;161;143;159;273;375;115;138;134;211;308;353;47;57;45;56;139;199;963.8;11.9;81;1.3
06/07/2017;1;4;1;1;97,12;19,35;114;134;161;143;159;273;97;115;138;134;211;308;39;47;57;45;56;139;961.4;14.7;76;0.4
07/07/2017;1;5;1;3;97,84;22,58;31;114;134;161;143;159;45;97;115;138;134;211;4;39;47;57;45;56;961.7;15.1;77;0.5
10/07/2017;1;1;3;28;100,00;32,26;38;31;114;134;161;143;39;45;97;115;138;134;0;4;39;47;57;45;959.2;15.8;83;0.7
07/08/2017;2;1;28;1;0,74;22,58;2034;38;31;114;134;161;319;39;45;97;115;138;238;0;4;39;47;57;955.9;15.8;71;6.7
08/08/2017;2;2;1;1;1,48;25,81;1208;2034;38;31;114;134;503;319;39;45;97;115;313;238;0;4;39;47;952.9;18.1;67;1.9
09/08/2017;2;3;1;1;2,22;29,03;584;1208;2034;38;31;114;361;503;319;39;45;97;282;313;238;0;4;39;949.5;20.3;58;0.7
10/08/2017;2;4;1;1;2,96;32,26;518;584;1208;2034;38;31;438;361;503;319;39;45;237;282;313;238;0;4;953.4;17.8;72;1.4
11/08/2017;2;5;1;3;3,70;35,48;274;518;584;1208;2034;38;245;438;361;503;319;39;118;237;282;313;238;0;955.2;17.3;70;1.8
14/08/2017;2;1;3;1;5,93;45,16;1013;274;518;584;1208;2034;346;245;438;361;503;319;268;118;237;282;313;238;951.4;19.6;73;1.4
15/08/2017;2;2;1;1;6,67;48,39;814;1013;274;518;584;1208;523;346;245;438;361;503;315;268;118;237;282;313;953.7;15.6;93;1.2
16/08/2017;2;3;1;1;7,41;51,61;515;814;1013;274;518;584;388;523;346;245;438;361;270;315;268;118;237;282;952.3;18.4;85;0.7
17/08/2017;2;4;1;1;8,15;54,84;541;515;814;1013;274;518;446;388;523;346;245;438;256;270;315;268;118;237;953.1;17.2;90;0.9
18/08/2017;2;5;1;3;8,89;58,06;244;541;515;814;1013;274;253;446;388;523;346;245;107;256;270;315;268;118;952.4;18;84;1.1
21/08/2017;2;1;3;1;11,11;67,74;1051;244;541;515;814;1013;358;253;446;388;523;346;255;107;256;270;315;268;959.4;14.6;78;1
22/08/2017;2;2;1;1;11,85;70,97;656;1051;244;541;515;814;464;358;253;446;388;523;281;255;107;256;270;315;960.3;16;74;5.7
23/08/2017;2;3;1;1;12,59;74,19;532;656;1051;244;541;515;405;464;358;253;446;388;271;281;255;107;256;270;958.2;16.5;76;6.3
24/08/2017;2;4;1;1;13,33;77,42;431;532;656;1051;244;541;415;405;464;358;253;446;225;271;281;255;107;256;957.8;15.7;84;1.2
25/08/2017;2;5;1;3;14,07;80,65;257;431;532;656;1051;244;266;415;405;464;358;253;98;225;271;281;255;107;956.7;16.7;75;5.6
28/08/2017;2;1;3;1;16,30;90,32;987;257;431;532;656;1051;347;266;415;405;464;358;249;98;225;271;281;255;953.9;17.9;66;1.2
29/08/2017;2;2;1;1;17,04;93,55;756;987;257;431;532;656;491;347;266;415;405;464;288;249;98;225;271;281;953.7;17.8;79;1.4
30/08/2017;2;3;1;1;17,78;96,77;577;756;987;257;431;532;375;491;347;266;415;405;271;288;249;98;225;271;952.7;19.6;70;1.2
31/08/2017;2;4;1;1;18,52;100,00;431;577;756;987;257;431;450;375;491;347;266;415;239;271;288;249;98;225;956.6;20.3;71;2
01/09/2017;2;5;1;3;19,26;3,33;267;431;577;756;987;257;224;450;375;491;347;266;85;239;271;288;249;98;959.9;19.6;70;1.2
04/09/2017;2;1;3;1;21,48;13,33;915;267;431;577;756;987;359;224;450;375;491;347;264;85;239;271;288;249;956.8;18.9;59;4.3
05/09/2017;2;2;1;1;22,22;16,67;639;915;267;431;577;756;480;359;224;450;375;491;285;264;85;239;271;288;954.9;20.1;59;1
06/09/2017;2;3;1;5;22,96;20,00;422;639;915;267;431;577;347;480;359;224;450;375;171;285;264;85;239;271;955.2;19.7;52;1.2
11/09/2017;2;1;5;1;26,67;36,67;1311;422;639;915;267;431;377;347;480;359;224;450;254;171;285;264;85;239;954.3;23.7;52;3.8
12/09/2017;2;2;1;1;27,41;40,00;734;1311;422;639;915;267;477;377;347;480;359;224;271;254;171;285;264;85;955.1;23.8;50;4.6
13/09/2017;2;3;1;1;28,15;43,33;571;734;1311;422;639;915;386;477;377;347;480;359;274;271;254;171;285;264;955.5;22.7;54;4.3
14/09/2017;2;4;1;1;28,89;46,67;341;571;734;1311;422;639;449;386;477;377;347;480;195;274;271;254;171;285;954.4;23.8;48;1.2
15/09/2017;2;5;1;3;29,63;50,00;380;341;571;734;1311;422;232;449;386;477;377;347;92;195;274;271;254;171;955.5;24.4;47;1.7
18/09/2017;2;1;3;1;31,85;60,00;1354;380;341;571;734;1311;343;232;449;386;477;377;243;92;195;274;271;254;955.8;20.8;69;0.9
19/09/2017;2;2;1;1;32,59;63,33;536;1354;380;341;571;734;470;343;232;449;386;477;268;243;92;195;274;271;956.4;19.3;77;1.6
20/09/2017;2;3;1;1;33,33;66,67;259;536;1354;380;341;571;336;470;343;232;449;386;136;268;243;92;195;274;956.1;21.6;66;4.7
21/09/2017;2;4;1;1;34,07;70,00;296;259;536;1354;380;341;428;336;470;343;232;449;142;136;268;243;92;195;955.9;22.5;56;4.3
22/09/2017;2;5;1;3;34,81;73,33;213;296;259;536;1354;380;263;428;336;470;343;232;95;142;136;268;243;92;954.5;24.3;46;4.3
25/09/2017;2;1;3;1;37,04;83,33;793;213;296;259;536;1354;361;263;428;336;470;343;227;95;142;136;268;243;956;21.3;66;3.1
26/09/2017;2;2;1;1;37,78;86,67;592;793;213;296;259;536;472;361;263;428;336;470;272;227;95;142;136;268;953.3;20.9;61;5.2
27/09/2017;2;3;1;1;38,52;90,00;434;592;793;213;296;259;394;472;361;263;428;336;239;272;227;95;142;136;950.1;23.2;50;4
28/09/2017;2;4;1;1;39,26;93,33;489;434;592;793;213;296;446;394;472;361;263;428;221;239;272;227;95;142;951.6;24.6;49;1.6
29/09/2017;2;5;1;3;40,00;96,67;221;489;434;592;793;213;255;446;394;472;361;263;77;221;239;272;227;95;953;21;69;0.8
02/10/2017;2;1;3;1;42,22;6,45;865;221;489;434;592;793;331;255;446;394;472;361;226;77;221;239;272;227;942.8;23.5;60;5.5
03/10/2017;2;2;1;1;42,96;9,68;852;865;221;489;434;592;412;331;255;446;394;472;225;226;77;221;239;272;950.5;19.6;79;2.6
04/10/2017;2;3;1;1;43,70;12,90;449;852;865;221;489;434;370;412;331;255;446;394;215;225;226;77;221;239;955.3;19.6;73;1
05/10/2017;2;4;1;1;44,44;16,13;568;449;852;865;221;489;411;370;412;331;255;446;205;215;225;226;77;221;952.7;20.9;66;4.1
06/10/2017;2;5;1;3;45,19;19,35;184;568;449;852;865;221;297;411;370;412;331;255;99;205;215;225;226;77;952.9;25.6;52;4.8
09/10/2017;2;1;3;1;47,41;29,03;524;184;568;449;852;865;319;297;411;370;412;331;230;99;205;215;225;226;948.3;27;48;4.4
10/10/2017;2;2;1;1;48,15;32,26;802;524;184;568;449;852;469;319;297;411;370;412;253;230;99;205;215;225;948.6;27.6;53;4.7
11/10/2017;2;3;1;5;48,89;35,48;307;802;524;184;568;449;323;469;319;297;411;370;168;253;230;99;205;215;948.4;25.7;70;1.4
16/10/2017;2;1;5;1;52,59;51,61;921;307;802;524;184;568;335;323;469;319;297;411;220;168;253;230;99;205;956.4;20.9;68;3.9
17/10/2017;2;2;1;1;53,33;54,84;650;921;307;802;524;184;456;335;323;469;319;297;268;220;168;253;230;99;956.5;20.4;74;5.5
18/10/2017;2;3;1;1;54,07;58,06;358;650;921;307;802;524;358;456;335;323;469;319;195;268;220;168;253;230;953.6;24.2;62;5.3
19/10/2017;2;4;1;1;54,81;61,29;335;358;650;921;307;802;391;358;456;335;323;469;160;195;268;220;168;253;949.4;26.6;39;4.9
20/10/2017;2;5;1;3;55,56;64,52;199;335;358;650;921;307;233;391;358;456;335;323;82;160;195;268;220;168;950.9;24.1;62;2.8
23/10/2017;2;1;3;1;57,78;74,19;401;199;335;358;650;921;202;233;391;358;456;335;70;82;160;195;268;220;952.6;19.7;81;3.9
24/10/2017;2;2;1;1;58,52;77,42;241;401;199;335;358;650;227;202;233;391;358;456;56;70;82;160;195;268;953.6;18.5;79;4.2
25/10/2017;2;3;1;1;59,26;80,65;191;241;401;199;335;358;209;227;202;233;391;358;55;56;70;82;160;195;951.7;20.3;78;3.9
26/10/2017;2;4;1;1;60,00;83,87;140;191;241;401;199;335;149;209;227;202;233;391;52;55;56;70;82;160;948.6;19.8;81;1.1
27/10/2017;2;5;1;3;60,74;87,10;67;140;191;241;401;199;95;149;209;227;202;233;16;52;55;56;70;82;945.5;24.9;66;1.7
30/10/2017;2;1;3;1;62,96;96,77;923;67;140;191;241;401;353;95;149;209;227;202;238;16;52;55;56;70;944.8;23.2;69;3.9
31/10/2017;2;2;1;1;63,70;100,00;594;923;67;140;191;241;451;353;95;149;209;227;258;238;16;52;55;56;944.2;22.2;82;5.3
01/11/2017;2;3;1;5;64,44;3,33;278;594;923;67;140;191;306;451;353;95;149;209;175;258;238;16;52;55;952.2;21.1;55;3.2
06/11/2017;2;1;5;1;68,15;20,00;1010;278;594;923;67;140;320;306;451;353;95;149;229;175;258;238;16;52;951.7;20.3;77;1.4
07/11/2017;2;2;1;1;68,89;23,33;824;1010;278;594;923;67;463;320;306;451;353;95;263;229;175;258;238;16;951;20.2;63;3
08/11/2017;2;3;1;1;69,63;26,67;514;824;1010;278;594;923;352;463;320;306;451;353;234;263;229;175;258;238;949.7;19.1;71;6.1
09/11/2017;2;4;1;1;70,37;30,00;454;514;824;1010;278;594;367;352;463;320;306;451;200;234;263;229;175;258;949.1;21.6;70;1.3
10/11/2017;2;5;1;3;71,11;33,33;185;454;514;824;1010;278;220;367;352;463;320;306;85;200;234;263;229;175;945.9;25;63;4.2
13/11/2017;2;1;3;1;73,33;43,33;724;185;454;514;824;1010;306;220;367;352;463;320;202;85;200;234;263;229;947.9;21.3;55;1.7
14/11/2017;2;2;1;2;74,07;46,67;415;724;185;454;514;824;428;306;220;367;352;463;203;202;85;200;234;263;950.9;19.6;68;1.5
16/11/2017;2;4;2;1;75,56;53,33;553;415;724;185;454;514;407;428;306;220;367;352;175;203;202;85;200;234;926.4;27.6;41;2.5
17/11/2017;2;5;1;3;76,30;56,67;176;553;415;724;185;454;218;407;428;306;220;367;55;175;203;202;85;200;924.5;21.8;70;2
20/11/2017;2;1;3;1;78,52;66,67;743;176;553;415;724;185;312;218;407;428;306;220;217;55;175;203;202;85;924.7;20.7;77;3.9
21/11/2017;2;2;1;1;79,26;70,00;607;743;176;553;415;724;427;312;218;407;428;306;236;217;55;175;203;202;924.8;21.5;73;1.3
22/11/2017;2;3;1;1;80,00;73,33;464;607;743;176;553;415;336;427;312;218;407;428;223;236;217;55;175;203;920.5;22.6;75;2
23/11/2017;2;4;1;1;80,74;76,67;414;464;607;743;176;553;396;336;427;312;218;407;162;223;236;217;55;175;926.6;18.3;71;3.1
24/11/2017;2;5;1;3;81,48;80,00;156;414;464;607;743;176;212;396;336;427;312;218;57;162;223;236;217;55;928.2;19.3;74;1.2
27/11/2017;2;1;3;1;83,70;90,00;792;156;414;464;607;743;314;212;396;336;427;312;205;57;162;223;236;217;925.9;22.6;73;3.9
28/11/2017;2;2;1;1;84,44;93,33;663;792;156;414;464;607;437;314;212;396;336;427;222;205;57;162;223;236;928.7;21.6;72;2.3
29/11/2017;2;3;1;1;85,19;96,67;459;663;792;156;414;464;363;437;314;212;396;336;222;222;205;57;162;223;927.7;21.7;51;2.9
30/11/2017;2;4;1;1;85,93;100,00;361;459;663;792;156;414;460;363;437;314;212;396;224;222;222;205;57;162;924;19.8;65;3
01/12/2017;2;5;1;3;86,67;3,23;185;361;459;663;792;156;194;460;363;437;314;212;56;224;222;222;205;57;923.4;21.4;67;2.1
04/12/2017;2;1;3;1;88,89;12,90;636;185;361;459;663;792;294;194;460;363;437;314;170;56;224;222;222;205;922.7;23.2;68;0.6
05/12/2017;2;2;1;1;89,63;16,13;467;636;185;361;459;663;387;294;194;460;363;437;162;170;56;224;222;222;926;24.1;60;2.5
06/12/2017;2;3;1;1;90,37;19,35;378;467;636;185;361;459;351;387;294;194;460;363;188;162;170;56;224;222;925.7;23.9;62;2.4
07/12/2017;2;4;1;1;91,11;22,58;286;378;467;636;185;361;295;351;387;294;194;460;163;188;162;170;56;224;922.2;24.2;66;1.5
08/12/2017;2;5;1;3;91,85;25,81;117;286;378;467;636;185;145;295;351;387;294;194;45;163;188;162;170;56;919.6;23;79;1.4
11/12/2017;2;1;3;1;94,07;35,48;371;117;286;378;467;636;263;145;295;351;387;294;126;45;163;188;162;170;919.1;26.5;47;1.4
12/12/2017;2;2;1;1;94,81;38,71;170;371;117;286;378;467;215;263;145;295;351;387;78;126;45;163;188;162;927.7;18.7;74;3.1
13/12/2017;2;3;1;1;95,56;41,94;147;170;371;117;286;378;178;215;263;145;295;351;53;78;126;45;163;188;929.4;18.3;74;3.4
14/12/2017;2;4;1;1;96,30;45,16;102;147;170;371;117;286;101;178;215;263;145;295;52;53;78;126;45;163;928.7;23.2;61;1.5
15/12/2017;2;5;1;3;97,04;48,39;52;102;147;170;371;117;64;101;178;215;263;145;17;52;53;78;126;45;926.2;25.7;54;3.7
18/12/2017;2;1;3;1;99,26;58,06;71;52;102;147;170;371;70;64;101;178;215;263;24;17;52;53;78;126;928.4;25.1;57;2
19/12/2017;2;2;1;69;100,00;61,29;24;71;52;102;147;170;42;70;64;101;178;215;3;24;17;52;53;78;929.9;23.9;63;2.2
26/02/2018;1;1;69;1;0,69;92,86;930;24;71;52;102;147;446;42;70;64;101;178;190;3;24;17;52;53;949.8;22.6;81;3.1
27/02/2018;1;2;1;1;1,39;96,43;640;930;24;71;52;102;470;446;42;70;64;101;237;190;3;24;17;52;949.3;22.1;85;1.1
28/02/2018;1;3;1;1;2,08;100,00;715;640;930;24;71;52;443;470;446;42;70;64;233;237;190;3;24;17;947.3;24.2;76;1.4
01/03/2018;1;4;1;1;2,78;3,23;566;715;640;930;24;71;461;443;470;446;42;70;231;233;237;190;3;24;950.3;23.5;84;1.2
02/03/2018;1;5;1;3;3,47;6,45;334;566;715;640;930;24;308;461;443;470;446;42;92;231;233;237;190;3;950.2;25.1;81;1.2
05/03/2018;1;1;3;1;5,56;16,13;582;334;566;715;640;930;430;308;461;443;470;446;156;92;231;233;237;190;944.9;25.5;75;1.2
06/03/2018;1;2;1;1;6,25;19,35;820;582;334;566;715;640;502;430;308;461;443;470;289;156;92;231;233;237;946.1;25.1;76;1.1
07/03/2018;1;3;1;1;6,94;22,58;778;820;582;334;566;715;502;502;430;308;461;443;264;289;156;92;231;233;945.4;23.8;81;1.5
08/03/2018;1;4;1;1;7,64;25,81;729;778;820;582;334;566;514;502;502;430;308;461;261;264;289;156;92;231;947.2;22.5;84;1.3
09/03/2018;1;5;1;3;8,33;29,03;449;729;778;820;582;334;378;514;502;502;430;308;102;261;264;289;156;92;948.9;22.3;81;2.4
12/03/2018;1;1;3;1;10,42;38,71;621;449;729;778;820;582;413;378;514;502;502;430;252;102;261;264;289;156;944.8;22.9;80;1
13/03/2018;1;2;1;1;11,11;41,94;837;621;449;729;778;820;548;413;378;514;502;502;309;252;102;261;264;289;947.2;23.2;86;0.7
14/03/2018;1;3;1;1;11,81;45,16;690;837;621;449;729;778;500;548;413;378;514;502;265;309;252;102;261;264;949.1;24.9;81;1.7
15/03/2018;1;4;1;1;12,50;48,39;728;690;837;621;449;729;544;500;548;413;378;514;274;265;309;252;102;261;948.4;24.5;72;1.1
16/03/2018;1;5;1;4;13,19;51,61;406;728;690;837;621;449;340;544;500;548;413;378;81;274;265;309;252;102;948.6;27.9;66;1.4
20/03/2018;1;2;4;1;15,97;64,52;968;406;728;690;837;621;553;340;544;500;548;413;286;81;274;265;309;252;947.2;26.5;73;1.7
21/03/2018;1;3;1;1;16,67;67,74;696;968;406;728;690;837;490;553;340;544;500;548;254;286;81;274;265;309;947.2;23.6;79;1.7
22/03/2018;1;4;1;1;17,36;70,97;750;696;968;406;728;690;525;490;553;340;544;500;294;254;286;81;274;265;949.1;23.1;82;1.1
23/03/2018;1;5;1;3;18,06;74,19;449;750;696;968;406;728;389;525;490;553;340;544;104;294;254;286;81;274;949.4;24.2;72;4.3
26/03/2018;1;1;3;1;20,14;83,87;777;449;750;696;968;406;463;389;525;490;553;340;245;104;294;254;286;81;950.7;24.3;77;1.6
27/03/2018;1;2;1;1;20,83;87,10;725;777;449;750;696;968;520;463;389;525;490;553;266;245;104;294;254;286;952.5;23.2;82;1.9
28/03/2018;1;3;1;1;21,53;90,32;649;725;777;449;750;696;398;520;463;389;525;490;217;266;245;104;294;254;952.4;24.3;71;3.8
29/03/2018;1;4;1;4;22,22;93,55;444;649;725;777;449;750;424;398;520;463;389;525;134;217;266;245;104;294;952;23.5;71;5.4
02/04/2018;1;1;4;1;25,00;6,67;869;444;649;725;777;449;486;424;398;520;463;389;233;134;217;266;245;104;946.2;24.2;81;0.8
03/04/2018;1;2;1;1;25,69;10,00;763;869;444;649;725;777;551;486;424;398;520;463;280;233;134;217;266;245;945.6;22.3;86;0.6
04/04/2018;1;3;1;1;26,39;13,33;856;763;869;444;649;725;465;551;486;424;398;520;251;280;233;134;217;266;946.9;23.3;73;1.4
05/04/2018;1;4;1;1;27,08;16,67;689;856;763;869;444;649;568;465;551;486;424;398;262;251;280;233;134;217;947.7;22.9;75;1
06/04/2018;1;5;1;3;27,78;20,00;401;689;856;763;869;444;398;568;465;551;486;424;93;262;251;280;233;134;948.8;22;81;0.7
09/04/2018;1;1;3;1;29,86;30,00;872;401;689;856;763;869;443;398;568;465;551;486;254;93;262;251;280;233;952.5;23.4;71;2.8
10/04/2018;1;2;1;1;30,56;33,33;754;872;401;689;856;763;572;443;398;568;465;551;277;254;93;262;251;280;953.2;22.7;72;3.6
11/04/2018;1;3;1;1;31,25;36,67;757;754;872;401;689;856;491;572;443;398;568;465;246;277;254;93;262;251;953.6;21.5;72;5.2
12/04/2018;1;4;1;1;31,94;40,00;700;757;754;872;401;689;532;491;572;443;398;568;260;246;277;254;93;262;953.9;21.8;74;0.9
13/04/2018;1;5;1;3;32,64;43,33;418;700;757;754;872;401;349;532;491;572;443;398;91;260;246;277;254;93;954.4;22.6;78;1.6
16/04/2018;1;1;3;1;34,72;53,33;817;418;700;757;754;872;448;349;532;491;572;443;224;91;260;246;277;254;956.9;20.2;79;1.6
17/04/2018;1;2;1;1;35,42;56,67;792;817;418;700;757;754;547;448;349;532;491;572;284;224;91;260;246;277;957.3;19.9;75;4.8
18/04/2018;1;3;1;1;36,11;60,00;728;792;817;418;700;757;488;547;448;349;532;491;232;284;224;91;260;246;958.2;19.7;73;5.2
19/04/2018;1;4;1;1;36,81;63,33;717;728;792;817;418;700;526;488;547;448;349;532;236;232;284;224;91;260;956.3;18.9;76;4.6
20/04/2018;1;5;1;3;37,50;66,67;361;717;728;792;817;418;320;526;488;547;448;349;83;236;232;284;224;91;954.1;19.2;78;0.9
23/04/2018;1;1;3;1;39,58;76,67;832;361;717;728;792;817;460;320;526;488;547;448;222;83;236;232;284;224;953.1;21.3;74;5
24/04/2018;1;2;1;1;40,28;80,00;691;832;361;717;728;792;533;460;320;526;488;547;238;222;83;236;232;284;954.1;21.1;74;1.4
25/04/2018;1;3;1;1;40,97;83,33;775;691;832;361;717;728;481;533;460;320;526;488;262;238;222;83;236;232;955.6;22.4;74;0.8
26/04/2018;1;4;1;1;41,67;86,67;707;775;691;832;361;717;512;481;533;460;320;526;250;262;238;222;83;236;954.5;20.4;85;1.2
27/04/2018;1;5;1;5;42,36;90,00;406;707;775;691;832;361;335;512;481;533;460;320;90;250;262;238;222;83;954.3;22.8;72;1.6
02/05/2018;1;3;5;1;45,83;6,45;808;406;707;775;691;832;457;335;512;481;533;460;186;90;250;262;238;222;956.1;22.3;74;1.8
03/05/2018;1;4;1;1;46,53;9,68;677;808;406;707;775;691;532;457;335;512;481;533;249;186;90;250;262;238;955.3;20.3;80;1.6
04/05/2018;1;5;1;3;47,22;12,90;403;677;808;406;707;775;344;532;457;335;512;481;94;249;186;90;250;262;954.1;20.8;80;3.2
07/05/2018;1;1;3;1;49,31;22,58;764;403;677;808;406;707;439;344;532;457;335;512;198;94;249;186;90;250;956.5;19.9;77;0.6
08/05/2018;1;2;1;1;50,00;25,81;729;764;403;677;808;406;503;439;344;532;457;335;260;198;94;249;186;90;955.6;20.4;76;1.1
09/05/2018;1;3;1;1;50,69;29,03;653;729;764;403;677;808;453;503;439;344;532;457;244;260;198;94;249;186;956.2;20.6;71;2.2
10/05/2018;1;4;1;1;51,39;32,26;677;653;729;764;403;677;529;453;503;439;344;532;230;244;260;198;94;249;954.7;19.9;68;5.4
11/05/2018;1;5;1;3;52,08;35,48;364;677;653;729;764;403;319;529;453;503;439;344;83;230;244;260;198;94;953.3;20;71;3
14/05/2018;1;1;3;1;54,17;45,16;674;364;677;653;729;764;413;319;529;453;503;439;204;83;230;244;260;198;954.7;19.6;79;1.9
15/05/2018;1;2;1;1;54,86;48,39;736;674;364;677;653;729;490;413;319;529;453;503;274;204;83;230;244;260;953.1;21.9;71;2.4
16/05/2018;1;3;1;1;55,56;51,61;691;736;674;364;677;653;442;490;413;319;529;453;197;274;204;83;230;244;950.6;21.9;75;0.8
17/05/2018;1;4;1;1;56,25;54,84;671;691;736;674;364;677;464;442;490;413;319;529;269;197;274;204;83;230;952.9;20.2;82;2.4
18/05/2018;1;5;1;3;56,94;58,06;431;671;691;736;674;364;352;464;442;490;413;319;104;269;197;274;204;83;951.6;20.6;79;4.7
21/05/2018;1;1;3;1;59,03;67,74;798;431;671;691;736;674;402;352;464;442;490;413;221;104;269;197;274;204;952.5;12.9;70;1.1
22/05/2018;1;2;1;1;59,72;70,97;660;798;431;671;691;736;507;402;352;464;442;490;273;221;104;269;197;274;953.9;13.1;76;0.7
23/05/2018;1;3;1;1;60,42;74,19;539;660;798;431;671;691;455;507;402;352;464;442;131;273;221;104;269;197;955.7;15.5;75;0.5
24/05/2018;1;4;1;11;61,11;77,42;52;539;660;798;431;671;68;455;507;402;352;464;0;131;273;221;104;269;957.9;17.9;77;1.8
04/06/2018;1;1;11;1;68,75;13,33;744;52;539;660;798;431;426;68;455;507;402;352;192;0;131;273;221;104;958.6;17.3;67;0.9
05/06/2018;1;2;1;1;69,44;16,67;544;744;52;539;660;798;523;426;68;455;507;402;259;192;0;131;273;221;953.1;16.7;82;2.9
06/06/2018;1;3;1;1;70,14;20,00;665;544;744;52;539;660;456;523;426;68;455;507;214;259;192;0;131;273;948.2;18;83;0.7
07/06/2018;1;4;1;1;70,83;23,33;523;665;544;744;52;539;496;456;523;426;68;455;224;214;259;192;0;131;950.8;18.3;94;1
08/06/2018;1;5;1;3;71,53;26,67;270;523;665;544;744;52;309;496;456;523;426;68;85;224;214;259;192;0;952.3;18.9;78;3.8
11/06/2018;1;1;3;1;73,61;36,67;340;270;523;665;544;744;261;309;496;456;523;426;46;85;224;214;259;192;952.1;18.8;89;1.7
12/06/2018;1;2;1;1;74,31;40,00;254;340;270;523;665;544;247;261;309;496;456;523;50;46;85;224;214;259;950.9;21.3;71;0.5
13/06/2018;1;3;1;1;75,00;43,33;623;254;340;270;523;665;453;247;261;309;496;456;190;50;46;85;224;214;952.3;21.1;81;0.7
14/06/2018;1;4;1;1;75,69;46,67;625;623;254;340;270;523;425;453;247;261;309;496;242;190;50;46;85;224;956;18.9;79;2.3
15/06/2018;1;5;1;3;76,39;50,00;421;625;623;254;340;270;353;425;453;247;261;309;98;242;190;50;46;85;957.5;16;86;1
18/06/2018;1;1;3;1;78,47;60,00;506;421;625;623;254;340;382;353;425;453;247;261;127;98;242;190;50;46;960.1;18.2;78;0.9
19/06/2018;1;2;1;1;79,17;63,33;632;506;421;625;623;254;468;382;353;425;453;247;224;127;98;242;190;50;959.7;18.6;76;4.7
20/06/2018;1;3;1;1;79,86;66,67;597;632;506;421;625;623;442;468;382;353;425;453;177;224;127;98;242;190;959.3;15;92;1.8
21/06/2018;1;4;1;1;80,56;70,00;593;597;632;506;421;625;439;442;468;382;353;425;212;177;224;127;98;242;956;16.9;80;0.9
22/06/2018;1;5;1;3;81,25;73,33;41;593;597;632;506;421;0;439;442;468;382;353;44;212;177;224;127;98;954.7;18;78;0.7
25/06/2018;1;1;3;1;83,33;83,33;695;41;593;597;632;506;391;0;439;442;468;382;207;44;212;177;224;127;953.2;18.9;69;0.3
26/06/2018;1;2;1;1;84,03;86,67;618;695;41;593;597;632;469;391;0;439;442;468;243;207;44;212;177;224;952.2;17.7;71;0.7
27/06/2018;1;3;1;1;84,72;90,00;76;618;695;41;593;597;73;469;391;0;439;442;0;243;207;44;212;177;954.2;18.1;68;0.4
28/06/2018;1;4;1;1;85,42;93,33;592;76;618;695;41;593;412;73;469;391;0;439;217;0;243;207;44;212;955.9;14.6;95;0.5
29/06/2018;1;5;1;3;86,11;96,67;279;592;76;618;695;41;256;412;73;469;391;0;82;217;0;243;207;44;954.5;18.7;68;0.4
02/07/2018;1;1;3;1;88,19;6,45;129;279;592;76;618;695;0;256;412;73;469;391;133;82;217;0;243;207;952.1;16;91;0.9
03/07/2018;1;2;1;1;88,89;9,68;442;129;279;592;76;618;363;0;256;412;73;469;155;133;82;217;0;243;952.5;17.5;76;0.9
04/07/2018;1;3;1;1;89,58;12,90;264;442;129;279;592;76;216;363;0;256;412;73;111;155;133;82;217;0;953.8;18.8;81;1
05/07/2018;1;4;1;1;90,28;16,13;220;264;442;129;279;592;204;216;363;0;256;412;65;111;155;133;82;217;954.8;16.4;95;1.5
06/07/2018;1;5;1;4;90,97;19,35;13;220;264;442;129;279;18;204;216;363;0;256;0;65;111;155;133;82;955.3;18.1;74;0.6
10/07/2018;1;2;4;1;93,75;32,26;116;13;220;264;442;129;110;18;204;216;363;0;35;0;65;111;155;133;954.5;13.4;86;2.5
11/07/2018;1;3;1;1;94,44;35,48;89;116;13;220;264;442;68;110;18;204;216;363;34;35;0;65;111;155;957.4;11.6;79;0.9
12/07/2018;1;4;1;1;95,14;38,71;51;89;116;13;220;264;40;68;110;18;204;216;19;34;35;0;65;111;958.7;10.3;82;2.1
13/07/2018;1;5;1;24;95,83;41,94;14;51;89;116;13;220;20;40;68;110;18;204;0;19;34;35;0;65;956;11.5;86;1.6
06/08/2018;2;1;24;1;0,72;19,35;734;14;51;89;116;13;305;20;40;68;110;18;221;0;19;34;35;0;954.8;14.6;91;1.3
07/08/2018;2;2;1;1;1,45;22,58;797;734;14;51;89;116;476;305;20;40;68;110;297;221;0;19;34;35;956.6;15.5;85;1.6
08/08/2018;2;3;1;1;2,17;25,81;719;797;734;14;51;89;407;476;305;20;40;68;282;297;221;0;19;34;956.2;17.5;80;3.6
09/08/2018;2;4;1;1;2,90;29,03;667;719;797;734;14;51;473;407;476;305;20;40;230;282;297;221;0;19;949.8;18.3;88;3.6
10/08/2018;2;5;1;3;3,62;32,26;336;667;719;797;734;14;261;473;407;476;305;20;82;230;282;297;221;0;949.1;16.9;54;5.9
13/08/2018;2;1;3;1;5,80;41,94;725;336;667;719;797;734;331;261;473;407;476;305;276;82;230;282;297;221;955.5;14.7;79;0.6
14/08/2018;2;2;1;1;6,52;45,16;714;725;336;667;719;797;467;331;261;473;407;476;292;276;82;230;282;297;953.3;17.6;68;4.2
15/08/2018;2;3;1;1;7,25;48,39;669;714;725;336;667;719;436;467;331;261;473;407;264;292;276;82;230;282;953.5;14.4;89;1.4
16/08/2018;2;4;1;1;7,97;51,61;685;669;714;725;336;667;460;436;467;331;261;473;252;264;292;276;82;230;957.7;17;78;0.5
17/08/2018;2;5;1;3;8,70;54,84;296;685;669;714;725;336;260;460;436;467;331;261;74;252;264;292;276;82;960;17.5;75;1.3
20/08/2018;2;1;3;1;10,87;64,52;684;296;685;669;714;725;358;260;460;436;467;331;244;74;252;264;292;276;957;20.4;67;5.2
21/08/2018;2;2;1;1;11,59;67,74;733;684;296;685;669;714;465;358;260;460;436;467;291;244;74;252;264;292;956.7;19.5;66;2.9
22/08/2018;2;3;1;1;12,32;70,97;671;733;684;296;685;669;415;465;358;260;460;436;264;291;244;74;252;264;955.9;17.3;81;1.1
23/08/2018;2;4;1;1;13,04;74,19;651;671;733;684;296;685;485;415;465;358;260;460;207;264;291;244;74;252;952.5;21.2;64;1.4
24/08/2018;2;5;1;3;13,77;77,42;317;651;671;733;684;296;243;485;415;465;358;260;81;207;264;291;244;74;951.8;22.3;66;1
27/08/2018;2;1;3;1;15,94;87,10;705;317;651;671;733;684;337;243;485;415;465;358;267;81;207;264;291;244;958.9;15.3;81;0.8
28/08/2018;2;2;1;1;16,67;90,32;692;705;317;651;671;733;495;337;243;485;415;465;225;267;81;207;264;291;959.1;16.9;76;4.2
29/08/2018;2;3;1;1;17,39;93,55;624;692;705;317;651;671;387;495;337;243;485;415;245;225;267;81;207;264;958.2;17;83;3.1
30/08/2018;2;4;1;1;18,12;96,77;772;624;692;705;317;651;429;387;495;337;243;485;246;245;225;267;81;207;954.8;20.4;68;3.4
31/08/2018;2;5;1;3;18,84;100,00;258;772;624;692;705;317;288;429;387;495;337;243;72;246;245;225;267;81;951.6;22.1;64;1.3
03/09/2018;2;1;3;1;21,01;10,00;638;258;772;624;692;705;337;288;429;387;495;337;239;72;246;245;225;267;947.2;22.4;64;1.4
04/09/2018;2;2;1;1;21,74;13,33;381;638;258;772;624;692;381;337;288;429;387;495;263;239;72;246;245;225;947.2;16.6;58;4.6
05/09/2018;2;3;1;1;22,46;16,67;577;381;638;258;772;624;402;381;337;288;429;387;261;263;239;72;246;245;955;15.2;74;1.5
06/09/2018;2;4;1;4;23,19;20,00;406;577;381;638;258;772;417;402;381;337;288;429;172;261;263;239;72;246;957.3;17.1;66;2.2
10/09/2018;2;1;4;1;26,09;33,33;670;406;577;381;638;258;312;417;402;381;337;288;233;172;261;263;239;72;955.1;19.5;69;1.6
11/09/2018;2;2;1;1;26,81;36,67;681;670;406;577;381;638;432;312;417;402;381;337;292;233;172;261;263;239;952.2;19.2;65;3.8
12/09/2018;2;3;1;1;27,54;40,00;630;681;670;406;577;381;413;432;312;417;402;381;240;292;233;172;261;263;954.3;19.3;65;5
13/09/2018;2;4;1;1;28,26;43,33;630;630;681;670;406;577;416;413;432;312;417;402;252;240;292;233;172;261;951.9;19;69;5.4
14/09/2018;2;5;1;3;28,99;46,67;205;630;630;681;670;406;247;416;413;432;312;417;53;252;240;292;233;172;949.6;18;83;1.3
17/09/2018;2;1;3;1;31,16;56,67;660;205;630;630;681;670;321;247;416;413;432;312;243;53;252;240;292;233;950.2;15.2;84;0.7
18/09/2018;2;2;1;1;31,88;60,00;549;660;205;630;630;681;384;321;247;416;413;432;248;243;53;252;240;292;947.7;20.3;84;1.8
19/09/2018;2;3;1;1;32,61;63,33;543;549;660;205;630;630;393;384;321;247;416;413;191;248;243;53;252;240;949.9;23.5;64;0.9
20/09/2018;2;4;1;1;33,33;66,67;559;543;549;660;205;630;409;393;384;321;247;416;221;191;248;243;53;252;951.9;21.8;78;2.3
21/09/2018;2;5;1;3;34,06;70,00;307;559;543;549;660;205;268;409;393;384;321;247;66;221;191;248;243;53;949.9;21.1;79;1
24/09/2018;2;1;3;1;36,23;80,00;318;307;559;543;549;660;316;268;409;393;384;321;219;66;221;191;248;243;949.5;24.2;65;0.9
25/09/2018;2;2;1;1;36,96;83,33;756;318;307;559;543;549;424;316;268;409;393;384;278;219;66;221;191;248;950.3;22.6;67;3.4
26/09/2018;2;3;1;1;37,68;86,67;663;756;318;307;559;543;407;424;316;268;409;393;252;278;219;66;221;191;949.1;23.5;70;3.4
27/09/2018;2;4;1;1;38,41;90,00;616;663;756;318;307;559;432;407;424;316;268;409;241;252;278;219;66;221;946.7;25.3;65;4
28/09/2018;2;5;1;3;39,13;93,33;285;616;663;756;318;307;238;432;407;424;316;268;73;241;252;278;219;66;950.9;20.7;85;0.8
01/10/2018;2;1;3;1;41,30;3,23;531;285;616;663;756;318;310;238;432;407;424;316;212;73;241;252;278;219;948.8;21.3;88;0.4
02/10/2018;2;2;1;1;42,03;6,45;504;531;285;616;663;756;432;310;238;432;407;424;230;212;73;241;252;278;949.6;23.1;70;1.1
03/10/2018;2;3;1;1;42,75;9,68;549;504;531;285;616;663;422;432;310;238;432;407;232;230;212;73;241;252;948.6;25.5;63;0.8
04/10/2018;2;4;1;1;43,48;12,90;607;549;504;531;285;616;440;422;432;310;238;432;210;232;230;212;73;241;951.4;22.3;82;2
05/10/2018;2;5;1;3;44,20;16,13;233;607;549;504;531;285;216;440;422;432;310;238;80;210;232;230;212;73;952.6;21.3;70;3.4
08/10/2018;2;1;3;1;46,38;25,81;581;233;607;549;504;531;287;216;440;422;432;310;221;80;210;232;230;212;951;19.9;89;3
09/10/2018;2;2;1;1;47,10;29,03;707;581;233;607;549;504;411;287;216;440;422;432;270;221;80;210;232;230;949.3;19.6;93;3.7
10/10/2018;2;3;1;1;47,83;32,26;501;707;581;233;607;549;387;411;287;216;440;422;196;270;221;80;210;232;947.6;24.6;69;2.1
11/10/2018;2;4;1;4;48,55;35,48;443;501;707;581;233;607;355;387;411;287;216;440;152;196;270;221;80;210;952;22.7;78;2.6
15/10/2018;2;1;4;1;51,45;48,39;172;443;501;707;581;233;110;355;387;411;287;216;28;152;196;270;221;80;948.3;19.3;90;3.1
16/10/2018;2;2;1;1;52,17;51,61;195;172;443;501;707;581;165;110;355;387;411;287;45;28;152;196;270;221;948.6;21;80;1.9
17/10/2018;2;3;1;1;52,90;54,84;253;195;172;443;501;707;188;165;110;355;387;411;72;45;28;152;196;270;949.6;23.4;76;2.4
18/10/2018;2;4;1;1;53,62;58,06;143;253;195;172;443;501;138;188;165;110;355;387;48;72;45;28;152;196;947.1;23;85;3.2
19/10/2018;2;5;1;3;54,35;61,29;38;143;253;195;172;443;49;138;188;165;110;355;1;48;72;45;28;152;947.2;23.2;72;3.1
22/10/2018;2;1;3;1;56,52;70,97;620;38;143;253;195;172;323;49;138;188;165;110;201;1;48;72;45;28;951.4;20.4;64;3.7
23/10/2018;2;2;1;1;57,25;74,19;766;620;38;143;253;195;412;323;49;138;188;165;272;201;1;48;72;45;949.3;24.1;63;2.2
24/10/2018;2;3;1;1;57,97;77,42;508;766;620;38;143;253;382;412;323;49;138;188;228;272;201;1;48;72;951.9;20.8;82;1.5
25/10/2018;2;4;1;1;58,70;80,65;458;508;766;620;38;143;402;382;412;323;49;138;183;228;272;201;1;48;950;20;87;3
26/10/2018;2;5;1;3;59,42;83,87;241;458;508;766;620;38;263;402;382;412;323;49;63;183;228;272;201;1;947.7;21;85;2.3
29/10/2018;2;1;3;1;61,59;93,55;511;241;458;508;766;620;293;263;402;382;412;323;185;63;183;228;272;201;950.8;18.8;72;2.8
30/10/2018;2;2;1;1;62,32;96,77;667;511;241;458;508;766;437;293;263;402;382;412;256;185;63;183;228;272;952.1;19;77;2.9
31/10/2018;2;3;1;1;63,04;100,00;563;667;511;241;458;508;362;437;293;263;402;382;208;256;185;63;183;228;950.2;24.6;68;3.9
01/11/2018;2;4;1;4;63,77;3,33;407;563;667;511;241;458;344;362;437;293;263;402;131;208;256;185;63;183;948.6;23.4;78;0.8
05/11/2018;2;1;4;1;66,67;16,67;553;407;563;667;511;241;299;344;362;437;293;263;181;131;208;256;185;63;951.5;19.5;79;1.9
06/11/2018;2;2;1;1;67,39;20,00;620;553;407;563;667;511;400;299;344;362;437;293;205;181;131;208;256;185;950.9;18.3;85;3.9
07/11/2018;2;3;1;1;68,12;23,33;555;620;553;407;563;667;358;400;299;344;362;437;215;205;181;131;208;256;951.4;21.4;81;2.2
08/11/2018;2;4;1;1;68,84;26,67;532;555;620;553;407;563;380;358;400;299;344;362;195;215;205;181;131;208;953.9;18.8;91;2.8
09/11/2018;2;5;1;3;69,57;30,00;284;532;555;620;553;407;234;380;358;400;299;344;62;195;215;205;181;131;953.1;21;69;6
12/11/2018;2;1;3;1;71,74;40,00;555;284;532;555;620;553;293;234;380;358;400;299;208;62;195;215;205;181;948.2;25.5;68;3
13/11/2018;2;2;1;1;72,46;43,33;642;555;284;532;555;620;360;293;234;380;358;400;243;208;62;195;215;205;949.8;25.8;65;3.9
14/11/2018;2;3;1;5;73,19;46,67;305;642;555;284;532;555;282;360;293;234;380;358;111;243;208;62;195;215;946.7;27.8;59;4.1
19/11/2018;2;1;5;1;76,81;63,33;468;305;642;555;284;532;246;282;360;293;234;380;171;111;243;208;62;195;949.4;20;92;1.9
20/11/2018;2;2;1;1;77,54;66,67;353;468;305;642;555;284;294;246;282;360;293;234;217;171;111;243;208;62;952.9;19.5;75;2.6
21/11/2018;2;3;1;1;78,26;70,00;519;353;468;305;642;555;378;294;246;282;360;293;184;217;171;111;243;208;953;18.1;80;3.6
22/11/2018;2;4;1;1;78,99;73,33;517;519;353;468;305;642;389;378;294;246;282;360;204;184;217;171;111;243;951.1;24;63;2.8
23/11/2018;2;5;1;3;79,71;76,67;216;517;519;353;468;305;191;389;378;294;246;282;49;204;184;217;171;111;947.9;26.5;52;2.9
26/11/2018;2;1;3;1;81,88;86,67;620;216;517;519;353;468;260;191;389;378;294;246;197;49;204;184;217;171;952.3;21.3;79;2.2
27/11/2018;2;2;1;1;82,61;90,00;660;620;216;517;519;353;458;260;191;389;378;294;281;197;49;204;184;217;953.4;21.7;64;1.3
28/11/2018;2;3;1;1;83,33;93,33;529;660;620;216;517;519;371;458;260;191;389;378;196;281;197;49;204;184;952;23.4;66;4.4
29/11/2018;2;4;1;1;84,06;96,67;501;529;660;620;216;517;339;371;458;260;191;389;200;196;281;197;49;204;949.3;24.3;66;4.6
30/11/2018;2;5;1;3;84,78;100,00;284;501;529;660;620;216;261;339;371;458;260;191;68;200;196;281;197;49;945.4;23.8;76;0.8
03/12/2018;2;1;3;1;86,96;9,68;528;284;501;529;660;620;308;261;339;371;458;260;155;68;200;196;281;197;946.5;22.7;66;2.9
04/12/2018;2;2;1;1;87,68;12,90;544;528;284;501;529;660;365;308;261;339;371;458;189;155;68;200;196;281;943.8;23.9;66;4.9
05/12/2018;2;3;1;1;88,41;16,13;425;544;528;284;501;529;299;365;308;261;339;371;137;189;155;68;200;196;944.2;26.2;70;0.7
06/12/2018;2;4;1;1;89,13;19,35;371;425;544;528;284;501;305;299;365;308;261;339;128;137;189;155;68;200;949.3;24;67;1.5
07/12/2018;2;5;1;3;89,86;22,58;168;371;425;544;528;284;163;305;299;365;308;261;44;128;137;189;155;68;949.7;19.9;89;1.4
10/12/2018;2;1;3;1;92,03;32,26;218;168;371;425;544;528;135;163;305;299;365;308;70;44;128;137;189;155;956;23.5;57;4.1
11/12/2018;2;2;1;1;92,75;35,48;299;218;168;371;425;544;219;135;163;305;299;365;122;70;44;128;137;189;955;26.2;52;2.6
12/12/2018;2;3;1;1;93,48;38,71;231;299;218;168;371;425;189;219;135;163;305;299;60;122;70;44;128;137;952.8;27.3;51;3.1
13/12/2018;2;4;1;1;94,20;41,94;176;231;299;218;168;371;141;189;219;135;163;305;66;60;122;70;44;128;951;27.9;49;2.2
14/12/2018;2;5;1;3;94,93;45,16;50;176;231;299;218;168;52;141;189;219;135;163;21;66;60;122;70;44;950.9;26.2;54;1.4
17/12/2018;2;1;3;1;97,10;54,84;111;50;176;231;299;218;77;52;141;189;219;135;50;21;66;60;122;70;951.2;27.5;64;4.2
18/12/2018;2;2;1;1;97,83;58,06;95;111;50;176;231;299;88;77;52;141;189;219;27;50;21;66;60;122;950.8;25.7;75;3
19/12/2018;2;3;1;1;98,55;61,29;58;95;111;50;176;231;44;88;77;52;141;189;14;27;50;21;66;60;949.6;27.7;59;2.9
20/12/2018;2;4;1;1;99,28;64,52;40;58;95;111;50;176;35;44;88;77;52;141;17;14;27;50;21;66;948.7;25;76;1.7
21/12/2018;2;5;1;61;100,00;67,74;10;40;58;95;111;50;14;35;44;88;77;52;0;17;14;27;50;21;948.7;24.4;79;1.6
20/02/2019;1;3;61;1;0,73;71,43;966;10;40;58;95;111;441;14;35;44;88;77;246;0;17;14;27;50;947.9;23.7;78;0.5
21/02/2019;1;4;1;1;1,46;75,00;779;966;10;40;58;95;458;441;14;35;44;88;279;246;0;17;14;27;949.8;22.9;84;1.5
22/02/2019;1;5;1;3;2,19;78,57;314;779;966;10;40;58;275;458;441;14;35;44;61;279;246;0;17;14;951.6;25.5;77;2.7
25/02/2019;1;1;3;1;4,38;89,29;807;314;779;966;10;40;455;275;458;441;14;35;196;61;279;246;0;17;946.4;27.6;71;0.6
26/02/2019;1;2;1;1;5,11;92,86;615;807;314;779;966;10;401;455;275;458;441;14;233;196;61;279;246;0;949.8;21.4;87;1.6
27/02/2019;1;3;1;1;5,84;96,43;764;615;807;314;779;966;380;401;455;275;458;441;228;233;196;61;279;246;948.1;22.4;85;0.6
28/02/2019;1;4;1;1;6,57;100,00;534;764;615;807;314;779;394;380;401;455;275;458;252;228;233;196;61;279;948.5;23.7;82;1.8
01/03/2019;1;5;1;6;7,30;3,23;203;534;764;615;807;314;224;394;380;401;455;275;44;252;228;233;196;61;949.4;22.7;89;0.8
07/03/2019;1;4;6;1;11,68;22,58;676;203;534;764;615;807;387;224;394;380;401;455;221;44;252;228;233;196;952.6;24.4;80;2.2
08/03/2019;1;5;1;3;12,41;25,81;228;676;203;534;764;615;209;387;224;394;380;401;64;221;44;252;228;233;951.5;24.5;78;0.8
11/03/2019;1;1;3;1;14,60;35,48;731;228;676;203;534;764;434;209;387;224;394;380;234;64;221;44;252;228;952;20.4;92;1
12/03/2019;1;2;1;1;15,33;38,71;667;731;228;676;203;534;417;434;209;387;224;394;287;234;64;221;44;252;950.6;23.2;78;0.9
13/03/2019;1;3;1;1;16,06;41,94;694;667;731;228;676;203;458;417;434;209;387;224;239;287;234;64;221;44;949.1;24.6;73;1.2
14/03/2019;1;4;1;1;16,79;45,16;582;694;667;731;228;676;371;458;417;434;209;387;268;239;287;234;64;221;948.8;24.2;84;1.6
15/03/2019;1;5;1;5;17,52;48,39;359;582;694;667;731;228;318;371;458;417;434;209;73;268;239;287;234;64;949.8;24.1;83;0.7
20/03/2019;1;3;5;1;21,17;64,52;912;359;582;694;667;731;473;318;371;458;417;434;303;73;268;239;287;234;946.2;24.1;77;1.3
21/03/2019;1;4;1;1;21,90;67,74;668;912;359;582;694;667;454;473;318;371;458;417;274;303;73;268;239;287;947.9;20.5;87;2.2
22/03/2019;1;5;1;3;22,63;70,97;392;668;912;359;582;694;341;454;473;318;371;458;81;274;303;73;268;239;951.5;21.6;76;2.5
25/03/2019;1;1;3;1;24,82;80,65;708;392;668;912;359;582;456;341;454;473;318;371;166;81;274;303;73;268;949.8;23.8;75;3.1
26/03/2019;1;2;1;1;25,55;83,87;776;708;392;668;912;359;506;456;341;454;473;318;317;166;81;274;303;73;951;23;69;1.3
27/03/2019;1;3;1;1;26,28;87,10;755;776;708;392;668;912;459;506;456;341;454;473;282;317;166;81;274;303;953.6;23.1;65;2.8
28/03/2019;1;4;1;1;27,01;90,32;710;755;776;708;392;668;486;459;506;456;341;454;268;282;317;166;81;274;955.2;23.1;74;1.7
29/03/2019;1;5;1;3;27,74;93,55;339;710;755;776;708;392;324;486;459;506;456;341;57;268;282;317;166;81;956.6;21.1;77;1.5
01/04/2019;1;1;3;1;29,93;3,33;833;339;710;755;776;708;450;324;486;459;506;456;217;57;268;282;317;166;951.1;21.4;79;3.9
02/04/2019;1;2;1;1;30,66;6,67;692;833;339;710;755;776;502;450;324;486;459;506;295;217;57;268;282;317;951.1;22.1;72;2.9
03/04/2019;1;3;1;1;31,39;10,00;750;692;833;339;710;755;466;502;450;324;486;459;254;295;217;57;268;282;949.2;21;81;2.4
04/04/2019;1;4;1;1;32,12;13,33;645;750;692;833;339;710;472;466;502;450;324;486;228;254;295;217;57;268;947.5;21.2;83;0.7
05/04/2019;1;5;1;3;32,85;16,67;313;645;750;692;833;339;282;472;466;502;450;324;53;228;254;295;217;57;947.2;25.8;73;1.5
08/04/2019;1;1;3;1;35,04;26,67;747;313;645;750;692;833;431;282;472;466;502;450;224;53;228;254;295;217;948.8;23.8;82;0.7
09/04/2019;1;2;1;1;35,77;30,00;785;747;313;645;750;692;501;431;282;472;466;502;317;224;53;228;254;295;949.9;22.2;78;2.2
10/04/2019;1;3;1;1;36,50;33,33;719;785;747;313;645;750;452;501;431;282;472;466;234;317;224;53;228;254;951.7;21.5;76;2.6
11/04/2019;1;4;1;1;37,23;36,67;629;719;785;747;313;645;436;452;501;431;282;472;225;234;317;224;53;228;951.6;20.9;82;0.7
12/04/2019;1;5;1;3;37,96;40,00;312;629;719;785;747;313;293;436;452;501;431;282;48;225;234;317;224;53;950.7;23.2;73;1.9
15/04/2019;1;1;3;1;40,15;50,00;730;312;629;719;785;747;421;293;436;452;501;431;207;48;225;234;317;224;952.5;21.8;85;3.8
16/04/2019;1;2;1;1;40,88;53,33;673;730;312;629;719;785;484;421;293;436;452;501;276;207;48;225;234;317;951.4;22.7;81;3.4
17/04/2019;1;3;1;1;41,61;56,67;706;673;730;312;629;719;457;484;421;293;436;452;264;276;207;48;225;234;947.4;23;76;2
18/04/2019;1;4;1;4;42,34;60,00;482;706;673;730;312;629;417;457;484;421;293;436;127;264;276;207;48;225;948.6;21.1;75;3.3
22/04/2019;1;1;4;1;45,26;73,33;697;482;706;673;730;312;411;417;457;484;421;293;189;127;264;276;207;48;949.2;23.4;67;0.8
23/04/2019;1;2;1;1;45,99;76,67;702;697;482;706;673;730;490;411;417;457;484;421;253;189;127;264;276;207;952.5;23.7;74;0.9
24/04/2019;1;3;1;1;46,72;80,00;698;702;697;482;706;673;442;490;411;417;457;484;245;253;189;127;264;276;954;24.1;77;1.6
25/04/2019;1;4;1;1;47,45;83,33;614;698;702;697;482;706;452;442;490;411;417;457;229;245;253;189;127;264;953.5;23.4;80;1.9
26/04/2019;1;5;1;3;48,18;86,67;341;614;698;702;697;482;313;452;442;490;411;417;66;229;245;253;189;127;953.9;22.5;82;1.2
29/04/2019;1;1;3;1;50,36;96,67;763;341;614;698;702;697;429;313;452;442;490;411;184;66;229;245;253;189;948.5;20.4;84;1.4
30/04/2019;1;2;1;2;51,09;100,00;627;763;341;614;698;702;475;429;313;452;442;490;257;184;66;229;245;253;952.2;19.5;86;1.8
02/05/2019;1;4;2;1;52,55;6,45;684;627;763;341;614;698;438;475;429;313;452;442;235;257;184;66;229;245;949.3;21.6;79;0.9
03/05/2019;1;5;1;3;53,28;9,68;299;684;627;763;341;614;264;438;475;429;313;452;57;235;257;184;66;229;951.3;21;88;0.9
06/05/2019;1;1;3;1;55,47;19,35;765;299;684;627;763;341;440;264;438;475;429;313;214;57;235;257;184;66;952.1;22.4;76;1.2
07/05/2019;1;2;1;1;56,20;22,58;710;765;299;684;627;763;501;440;264;438;475;429;298;214;57;235;257;184;950.8;22.7;77;0.8
08/05/2019;1;3;1;1;56,93;25,81;658;710;765;299;684;627;424;501;440;264;438;475;215;298;214;57;235;257;953.7;21.3;74;2.7
09/05/2019;1;4;1;1;57,66;29,03;680;658;710;765;299;684;455;424;501;440;264;438;259;215;298;214;57;235;952.5;19.8;75;5.1
10/05/2019;1;5;1;3;58,39;32,26;291;680;658;710;765;299;279;455;424;501;440;264;48;259;215;298;214;57;949.2;20.9;76;5
13/05/2019;1;1;3;1;60,58;41,94;715;291;680;658;710;765;393;279;455;424;501;440;195;48;259;215;298;214;953.6;22.7;81;1.1
14/05/2019;1;2;1;1;61,31;45,16;737;715;291;680;658;710;506;393;279;455;424;501;276;195;48;259;215;298;951.4;21.8;85;2.3
15/05/2019;1;3;1;1;62,04;48,39;16;737;715;291;680;658;19;506;393;279;455;424;0;276;195;48;259;215;951.8;20;73;1.1
16/05/2019;1;4;1;1;62,77;51,61;690;16;737;715;291;680;400;19;506;393;279;455;244;0;276;195;48;259;953.8;19.5;80;1.4
17/05/2019;1;5;1;3;63,50;54,84;293;690;16;737;715;291;268;400;19;506;393;279;66;244;0;276;195;48;954.9;18.2;91;1.4
20/05/2019;1;1;3;1;65,69;64,52;670;293;690;16;737;715;416;268;400;19;506;393;188;66;244;0;276;195;951.7;19.1;87;1.4
21/05/2019;1;2;1;1;66,42;67,74;589;670;293;690;16;737;459;416;268;400;19;506;256;188;66;244;0;276;951.3;19.1;87;1.3
22/05/2019;1;3;1;1;67,15;70,97;610;589;670;293;690;16;424;459;416;268;400;19;227;256;188;66;244;0;951.5;17.8;82;0.7
23/05/2019;1;4;1;1;67,88;74,19;610;610;589;670;293;690;439;424;459;416;268;400;223;227;256;188;66;244;950.5;16.7;82;1.1
24/05/2019;1;5;1;3;68,61;77,42;254;610;610;589;670;293;251;439;424;459;416;268;49;223;227;256;188;66;947.9;17.5;83;1.2
27/05/2019;1;1;3;1;70,80;87,10;756;254;610;610;589;670;434;251;439;424;459;416;211;49;223;227;256;188;953.3;16.5;78;2.2
28/05/2019;1;2;1;1;71,53;90,32;639;756;254;610;610;589;452;434;251;439;424;459;265;211;49;223;227;256;950.4;16.5;76;0.9
29/05/2019;1;3;1;1;72,26;93,55;635;639;756;254;610;610;428;452;434;251;439;424;218;265;211;49;223;227;951.9;18.7;89;2.9
30/05/2019;1;4;1;1;72,99;96,77;37;635;639;756;254;610;38;428;452;434;251;439;6;218;265;211;49;223;951.2;20.9;81;4.6
31/05/2019;1;5;1;3;73,72;100,00;269;37;635;639;756;254;270;38;428;452;434;251;50;6;218;265;211;49;947.5;21.9;78;0.4
03/06/2019;1;1;3;1;75,91;10,00;15;269;37;635;639;756;13;270;38;428;452;434;0;50;6;218;265;211;953.1;18.2;92;2.5
04/06/2019;1;2;1;1;76,64;13,33;269;15;269;37;635;639;195;13;270;38;428;452;28;0;50;6;218;265;957.7;14.9;87;2.5
05/06/2019;1;3;1;1;77,37;16,67;232;269;15;269;37;635;215;195;13;270;38;428;64;28;0;50;6;218;958.8;14.6;84;1.4
06/06/2019;1;4;1;1;78,10;20,00;195;232;269;15;269;37;162;215;195;13;270;38;26;64;28;0;50;6;957.4;17.3;74;4.3
07/06/2019;1;5;1;3;78,83;23,33;271;195;232;269;15;269;243;162;215;195;13;270;45;26;64;28;0;50;955.8;15.2;79;0.6
10/06/2019;1;1;3;1;81,02;33,33;720;271;195;232;269;15;419;243;162;215;195;13;199;45;26;64;28;0;958.4;15.8;79;0.4
11/06/2019;1;2;1;1;81,75;36,67;675;720;271;195;232;269;468;419;243;162;215;195;289;199;45;26;64;28;956.8;16;81;0.9
12/06/2019;1;3;1;1;82,48;40,00;605;675;720;271;195;232;394;468;419;243;162;215;177;289;199;45;26;64;956.3;18.5;83;3.9
13/06/2019;1;4;1;4;83,21;43,33;630;605;675;720;271;195;444;394;468;419;243;162;249;177;289;199;45;26;957.4;19.1;81;1.7
17/06/2019;1;1;4;1;86,13;56,67;744;630;605;675;720;271;417;444;394;468;419;243;198;249;177;289;199;45;957.8;17.7;82;0.8
18/06/2019;1;2;1;1;86,86;60,00;620;744;630;605;675;720;456;417;444;394;468;419;237;198;249;177;289;199;956.3;15.7;84;1.9
19/06/2019;1;3;1;5;87,59;63,33;486;620;744;630;605;675;416;456;417;444;394;468;135;237;198;249;177;289;955.2;16.9;85;1
24/06/2019;1;1;5;1;91,24;80,00;632;486;620;744;630;605;385;416;456;417;444;394;157;135;237;198;249;177;953.9;17;70;0.6
25/06/2019;1;2;1;1;91,97;83,33;442;632;486;620;744;630;438;385;416;456;417;444;146;157;135;237;198;249;949.5;18.3;67;2
26/06/2019;1;3;1;1;92,70;86,67;348;442;632;486;620;744;266;438;385;416;456;417;129;146;157;135;237;198;949.7;19.8;67;0.9
27/06/2019;1;4;1;1;93,43;90,00;376;348;442;632;486;620;259;266;438;385;416;456;120;129;146;157;135;237;954.2;19.9;80;1.2
28/06/2019;1;5;1;3;94,16;93,33;111;376;348;442;632;486;196;259;266;438;385;416;20;120;129;146;157;135;956.1;19.3;83;1.3
01/07/2019;1;1;3;1;96,35;3,23;80;111;376;348;442;632;94;196;259;266;438;385;23;20;120;129;146;157;952.2;18.8;74;0.6
02/07/2019;1;2;1;1;97,08;6,45;113;80;111;376;348;442;116;94;196;259;266;438;35;23;20;120;129;146;947.6;17.3;78;1
03/07/2019;1;3;1;1;97,81;9,68;62;113;80;111;376;348;80;116;94;196;259;266;43;35;23;20;120;129;946;16.9;82;0.5
04/07/2019;1;4;1;1;98,54;12,90;60;62;113;80;111;376;65;80;116;94;196;259;7;43;35;23;20;120;948.3;18.4;92;0.7
05/07/2019;1;5;1;31;99,27;16,13;19;60;62;113;80;111;26;65;80;116;94;196;4;7;43;35;23;20;949.5;15.6;94;3
05/08/2019;2;1;31;1;0,75;16,13;1;19;60;62;113;80;1;26;65;80;116;94;0;4;7;43;35;23;963.8;13.5;85;4.6
06/08/2019;2;2;1;1;1,49;19,35;14;1;19;60;62;113;12;1;26;65;80;116;0;0;4;7;43;35;962.1;16.1;79;5.4
07/08/2019;2;3;1;1;2,24;22,58;11;14;1;19;60;62;11;12;1;26;65;80;0;0;0;4;7;43;961.4;17.2;81;1
08/08/2019;2;4;1;1;2,99;25,81;449;11;14;1;19;60;322;11;12;1;26;65;122;0;0;0;4;7;959.2;18.5;77;1.2
09/08/2019;2;5;1;3;3,73;29,03;191;449;11;14;1;19;167;322;11;12;1;26;87;122;0;0;0;4;956.5;18.4;76;1.1
12/08/2019;2;1;3;1;5,97;38,71;687;191;449;11;14;1;391;167;322;11;12;1;225;87;122;0;0;0;955;18.9;83;1.4
13/08/2019;2;2;1;1;6,72;41,94;111;687;191;449;11;14;82;391;167;322;11;12;19;225;87;122;0;0;952.9;19.7;66;0.6
14/08/2019;2;3;1;1;7,46;45,16;614;111;687;191;449;11;407;82;391;167;322;11;266;19;225;87;122;0;961.4;14.7;76;2.9
15/08/2019;2;4;1;1;8,21;48,39;569;614;111;687;191;449;420;407;82;391;167;322;272;266;19;225;87;122;963.5;15.3;71;5.1
16/08/2019;2;5;1;3;8,96;51,61;284;569;614;111;687;191;225;420;407;82;391;167;110;272;266;19;225;87;960.1;15.3;72;4.8
19/08/2019;2;1;3;1;11,19;61,29;695;284;569;614;111;687;387;225;420;407;82;391;276;110;272;266;19;225;953.3;19.3;75;2.3
20/08/2019;2;2;1;1;11,94;64,52;615;695;284;569;614;111;406;387;225;420;407;82;322;276;110;272;266;19;955.1;17;90;0.7
21/08/2019;2;3;1;1;12,69;67,74;630;615;695;284;569;614;374;406;387;225;420;407;275;322;276;110;272;266;956.2;16.8;85;1.5
22/08/2019;2;4;1;1;13,43;70,97;555;630;615;695;284;569;388;374;406;387;225;420;266;275;322;276;110;272;958;16.3;75;1.8
23/08/2019;2;5;1;3;14,18;74,19;239;555;630;615;695;284;216;388;374;406;387;225;104;266;275;322;276;110;955.7;15.5;81;2.1
26/08/2019;2;1;3;1;16,42;83,87;683;239;555;630;615;695;389;216;388;374;406;387;272;104;266;275;322;276;959.2;16.6;72;5.2
27/08/2019;2;2;1;1;17,16;87,10;692;683;239;555;630;615;417;389;216;388;374;406;316;272;104;266;275;322;958.9;15;87;2.1
28/08/2019;2;3;1;1;17,91;90,32;558;692;683;239;555;630;338;417;389;216;388;374;244;316;272;104;266;275;957.8;17.6;79;2.4
29/08/2019;2;4;1;1;18,66;93,55;529;558;692;683;239;555;391;338;417;389;216;388;255;244;316;272;104;266;954.8;18;70;6.3
30/08/2019;2;5;1;3;19,40;96,77;284;529;558;692;683;239;211;391;338;417;389;216;95;255;244;316;272;104;952.9;19.5;65;2
02/09/2019;2;1;3;1;21,64;6,67;691;284;529;558;692;683;351;211;391;338;417;389;232;95;255;244;316;272;949.9;18.6;87;2.2
03/09/2019;2;2;1;1;22,39;10,00;611;691;284;529;558;692;423;351;211;391;338;417;261;232;95;255;244;316;950.2;20.8;79;2.9
04/09/2019;2;3;1;1;23,13;13,33;596;611;691;284;529;558;368;423;351;211;391;338;232;261;232;95;255;244;953.7;20.9;79;0.8
05/09/2019;2;4;1;1;23,88;16,67;627;596;611;691;284;529;384;368;423;351;211;391;268;232;261;232;95;255;958.9;17.7;86;2.6
06/09/2019;2;5;1;3;24,63;20,00;235;627;596;611;691;284;218;384;368;423;351;211;81;268;232;261;232;95;958.5;16.4;86;4.9
09/09/2019;2;1;3;1;26,87;30,00;730;235;627;596;611;691;384;218;384;368;423;351;234;81;268;232;261;232;953.9;23.3;65;5.5
10/09/2019;2;2;1;1;27,61;33,33;659;730;235;627;596;611;421;384;218;384;368;423;305;234;81;268;232;261;952.3;22.4;58;1.6
11/09/2019;2;3;1;1;28,36;36,67;644;659;730;235;627;596;372;421;384;218;384;368;245;305;234;81;268;232;951.1;23.5;57;1.3
12/09/2019;2;4;1;1;29,10;40,00;622;644;659;730;235;627;408;372;421;384;218;384;242;245;305;234;81;268;949.7;23.8;59;1.1
13/09/2019;2;5;1;3;29,85;43,33;307;622;644;659;730;235;216;408;372;421;384;218;116;242;245;305;234;81;954.2;20.4;75;1.6
16/09/2019;2;1;3;1;32,09;53,33;682;307;622;644;659;730;378;216;408;372;421;384;230;116;242;245;305;234;951.2;23.6;65;4.9
17/09/2019;2;2;1;1;32,84;56,67;668;682;307;622;644;659;422;378;216;408;372;421;308;230;116;242;245;305;948.5;23.8;64;1.1
18/09/2019;2;3;1;1;33,58;60,00;595;668;682;307;622;644;369;422;378;216;408;372;201;308;230;116;242;245;944;27.2;44;1.1
19/09/2019;2;4;1;1;34,33;63,33;575;595;668;682;307;622;392;369;422;378;216;408;234;201;308;230;116;242;946.4;21.5;72;0.8
20/09/2019;2;5;1;3;35,07;66,67;275;575;595;668;682;307;214;392;369;422;378;216;85;234;201;308;230;116;948.9;22.6;73;1.2
23/09/2019;2;1;3;1;37,31;76,67;655;275;575;595;668;682;357;214;392;369;422;378;230;85;234;201;308;230;959.7;17.5;60;2.8
24/09/2019;2;2;1;1;38,06;80,00;643;655;275;575;595;668;403;357;214;392;369;422;295;230;85;234;201;308;956.2;18.3;64;4.3
25/09/2019;2;3;1;1;38,81;83,33;638;643;655;275;575;595;379;403;357;214;392;369;225;295;230;85;234;201;954.1;16.6;87;1.5
26/09/2019;2;4;1;1;39,55;86,67;484;638;643;655;275;575;335;379;403;357;214;392;196;225;295;230;85;234;952.1;17.5;90;2.6
27/09/2019;2;5;1;3;40,30;90,00;261;484;638;643;655;275;195;335;379;403;357;214;103;196;225;295;230;85;952.6;17.5;79;1.2
30/09/2019;2;1;3;1;42,54;100,00;478;261;484;638;643;655;310;195;335;379;403;357;148;103;196;225;295;230;951.4;20.6;65;3
01/10/2019;2;2;1;1;43,28;3,23;592;478;261;484;638;643;405;310;195;335;379;403;252;148;103;196;225;295;950.5;20.8;68;5.7
02/10/2019;2;3;1;1;44,03;6,45;555;592;478;261;484;638;372;405;310;195;335;379;195;252;148;103;196;225;949.6;23.2;62;4.4
03/10/2019;2;4;1;1;44,78;9,68;536;555;592;478;261;484;391;372;405;310;195;335;244;195;252;148;103;196;951.2;22.8;55;1.6
04/10/2019;2;5;1;3;45,52;12,90;276;536;555;592;478;261;212;391;372;405;310;195;81;244;195;252;148;103;951.8;21.7;66;3.5
07/10/2019;2;1;3;1;47,76;22,58;612;276;536;555;592;478;357;212;391;372;405;310;192;81;244;195;252;148;951.1;21.1;79;1.7
08/10/2019;2;2;1;1;48,51;25,81;643;612;276;536;555;592;398;357;212;391;372;405;294;192;81;244;195;252;951.5;19.9;79;1.7
09/10/2019;2;3;1;1;49,25;29,03;503;643;612;276;536;555;342;398;357;212;391;372;191;294;192;81;244;195;952.6;19.9;89;3.4
10/10/2019;2;4;1;1;50,00;32,26;520;503;643;612;276;536;321;342;398;357;212;391;192;191;294;192;81;244;953.2;21.5;74;5.3
11/10/2019;2;5;1;3;50,75;35,48;253;520;503;643;612;276;194;321;342;398;357;212;69;192;191;294;192;81;952;22.6;72;3.9
14/10/2019;2;1;3;1;52,99;45,16;491;253;520;503;643;612;347;194;321;342;398;357;138;69;192;191;294;192;950;26.9;45;0.8
15/10/2019;2;2;1;1;53,73;48,39;444;491;253;520;503;643;343;347;194;321;342;398;211;138;69;192;191;294;952.8;23.2;58;1.8
16/10/2019;2;3;1;1;54,48;51,61;379;444;491;253;520;503;347;343;347;194;321;342;185;211;138;69;192;191;953.5;23.3;63;2.6
17/10/2019;2;4;1;1;55,22;54,84;500;379;444;491;253;520;371;347;343;347;194;321;180;185;211;138;69;192;952.6;23.9;67;3.2
18/10/2019;2;5;1;3;55,97;58,06;233;500;379;444;491;253;202;371;347;343;347;194;92;180;185;211;138;69;952.7;21.9;88;0.7
21/10/2019;2;1;3;1;58,21;67,74;252;233;500;379;444;491;171;202;371;347;343;347;61;92;180;185;211;138;947.6;18.7;73;1.2
22/10/2019;2;2;1;1;58,96;70,97;277;252;233;500;379;444;236;171;202;371;347;343;54;61;92;180;185;211;946.8;20.3;77;1.1
23/10/2019;2;3;1;1;59,70;74,19;256;277;252;233;500;379;203;236;171;202;371;347;46;54;61;92;180;185;950.1;22.6;66;3.7
24/10/2019;2;4;1;1;60,45;77,42;113;256;277;252;233;500;130;203;236;171;202;371;17;46;54;61;92;180;950;23.5;65;4.6
25/10/2019;2;5;1;4;61,19;80,65;54;113;256;277;252;233;58;130;203;236;171;202;2;17;46;54;61;92;950.7;22.9;78;1.9
29/10/2019;2;2;4;1;64,18;93,55;568;54;113;256;277;252;351;58;130;203;236;171;197;2;17;46;54;61;947.3;27.5;47;0.9
30/10/2019;2;3;1;1;64,93;96,77;613;568;54;113;256;277;369;351;58;130;203;236;191;197;2;17;46;54;947.5;26.3;52;1.5
31/10/2019;2;4;1;1;65,67;100,00;485;613;568;54;113;256;358;369;351;58;130;203;164;191;197;2;17;46;950.4;26.3;59;1.4
01/11/2019;2;5;1;3;66,42;3,33;291;485;613;568;54;113;216;358;369;351;58;130;92;164;191;197;2;17;952.4;26.1;59;2.7
04/11/2019;2;1;3;1;68,66;13,33;594;291;485;613;568;54;350;216;358;369;351;58;168;92;164;191;197;2;945.8;27.3;58;1.8
05/11/2019;2;2;1;1;69,40;16,67;620;594;291;485;613;568;381;350;216;358;369;351;252;168;92;164;191;197;947.2;25.9;68;2.2
06/11/2019;2;3;1;1;70,15;20,00;543;620;594;291;485;613;361;381;350;216;358;369;192;252;168;92;164;191;950.9;21.8;78;1.5
07/11/2019;2;4;1;1;70,90;23,33;500;543;620;594;291;485;347;361;381;350;216;358;219;192;252;168;92;164;949.1;21.1;79;3.6
08/11/2019;2;5;1;3;71,64;26,67;249;500;543;620;594;291;194;347;361;381;350;216;88;219;192;252;168;92;947.5;22.1;83;1.9
11/11/2019;2;1;3;1;73,88;36,67;648;249;500;543;620;594;322;194;347;361;381;350;201;88;219;192;252;168;949.5;24;77;2.2
12/11/2019;2;2;1;1;74,63;40,00;612;648;249;500;543;620;415;322;194;347;361;381;226;201;88;219;192;252;951.5;22.9;69;4.3
13/11/2019;2;3;1;1;75,37;43,33;480;612;648;249;500;543;323;415;322;194;347;361;168;226;201;88;219;192;949.8;22.1;71;5.6
14/11/2019;2;4;1;4;76,12;46,67;365;480;612;648;249;500;296;323;415;322;194;347;116;168;226;201;88;219;947.9;20.9;93;3.5
18/11/2019;2;1;4;1;79,10;60,00;464;365;480;612;648;249;264;296;323;415;322;194;144;116;168;226;201;88;950.6;20.3;77;3.5
19/11/2019;2;2;1;1;79,85;63,33;434;464;365;480;612;648;334;264;296;323;415;322;200;144;116;168;226;201;951.4;23.5;68;3.6
20/11/2019;2;3;1;1;80,60;66,67;478;434;464;365;480;612;327;334;264;296;323;415;156;200;144;116;168;226;951.3;23;75;3.7
21/11/2019;2;4;1;1;81,34;70,00;470;478;434;464;365;480;321;327;334;264;296;323;200;156;200;144;116;168;950.5;25;63;5.6
22/11/2019;2;5;1;3;82,09;73,33;222;470;478;434;464;365;173;321;327;334;264;296;77;200;156;200;144;116;947.9;26.1;60;3.6
25/11/2019;2;1;3;1;84,33;83,33;487;222;470;478;434;464;264;173;321;327;334;264;186;77;200;156;200;144;950.8;18.8;65;3.2
26/11/2019;2;2;1;1;85,07;86,67;500;487;222;470;478;434;346;264;173;321;327;334;181;186;77;200;156;200;949.8;20.8;67;5.5
27/11/2019;2;3;1;1;85,82;90,00;335;500;487;222;470;478;213;346;264;173;321;327;147;181;186;77;200;156;945.8;26.6;59;4.3
28/11/2019;2;4;1;1;86,57;93,33;484;335;500;487;222;470;325;213;346;264;173;321;158;147;181;186;77;200;946.1;23.1;80;1.5
29/11/2019;2;5;1;3;87,31;96,67;224;484;335;500;487;222;176;325;213;346;264;173;62;158;147;181;186;77;949;20.2;74;1.2
02/12/2019;2;1;3;1;89,55;6,45;464;224;484;335;500;487;272;176;325;213;346;264;122;62;158;147;181;186;949.4;20.6;84;0.6
03/12/2019;2;2;1;1;90,30;9,68;414;464;224;484;335;500;292;272;176;325;213;346;163;122;62;158;147;181;949.3;20.3;74;2.6
04/12/2019;2;3;1;1;91,04;12,90;283;414;464;224;484;335;257;292;272;176;325;213;111;163;122;62;158;147;948.7;22.9;73;4
05/12/2019;2;4;1;1;91,79;16,13;291;283;414;464;224;484;170;257;292;272;176;325;132;111;163;122;62;158;944.8;27.2;61;2.6
06/12/2019;2;5;1;3;92,54;19,35;116;291;283;414;464;224;112;170;257;292;272;176;39;132;111;163;122;62;945.2;21.7;90;1.6
09/12/2019;2;1;3;1;94,78;29,03;157;116;291;283;414;464;122;112;170;257;292;272;69;39;132;111;163;122;948.9;22.5;68;1.7
10/12/2019;2;2;1;1;95,52;32,26;75;157;116;291;283;414;61;122;112;170;257;292;19;69;39;132;111;163;947.8;22.9;81;1.8
11/12/2019;2;3;1;1;96,27;35,48;45;75;157;116;291;283;49;61;122;112;170;257;9;19;69;39;132;111;946.6;22.9;82;1.6
12/12/2019;2;4;1;1;97,01;38,71;43;45;75;157;116;291;54;49;61;122;112;170;8;9;19;69;39;132;945.2;22.2;75;1
13/12/2019;2;5;1;3;97,76;41,94;7;43;45;75;157;116;14;54;49;61;122;112;0;8;9;19;69;39;948.2;24.1;74;2
16/12/2019;2;1;3;61;100,00;51,61;5;7;43;45;75;157;8;14;54;49;61;122;0;0;8;9;19;69;947.8;28.3;46;5.6
